{
  "name": "Lugia",
  "offsets": {
    "DEFAULT": {
      "x": 0,
      "y": 1.7,
      "z": -0.5
    },
    "WALKING": {
      "x": 0,
      "y": 0.8,
      "z": 0.2
    },
    "FLOATING": {
      "x": 0,
      "y": 1,
      "z": 1
    },
    "SWIMMING": {
      "x": 0,
      "y": -0.3,
      "z": 0.7
    },
    "HOVERING": {
      "x": 0,
      "y": 1.8,
      "z": -1
    },
    "FLYING": {
      "x": 0,
      "y": 0.2,
      "z": 0.7
    }
  },
  "baseSpeedModifier": 1.0,
  "landSpeedModifier": 0.25,
  "waterSpeedModifier": 0.125,
  "airSpeedModifier": 1.0,
  "forms": []
}