{
  "name": "Arctozolt",
  "offsets": {
    "DEFAULT": {
      "x": 0,
      "y": -1,
      "z": -0.1
    },
    "WALKING": {
      "x": 0,
      "y": 0,
      "z": 0.1
    },
    "FLOATING": {
      "x": 0,
      "y": -1.6,
      "z": -0.1
    },
    "SWIMMING": {
      "x": 0,
      "y": -1.6,
      "z": 0.1
    },
    "SUSPENDED": {
      "x": 0,
      "y": -0.1,
      "z": 0.2
    },
    "DIVING": {
      "x": 0,
      "y": -0.4,
      "z": 0.8
    }
  },
  "baseSpeedModifier": 0.25,
  "landSpeedModifier": 0.5,
  "waterSpeedModifier": 1.0,
  "airSpeedModifier": 1.0,
  "forms": []
}