{
  "display": {
    "icon": {
      "id": "cobblemon:great_ball"
    },
    "title": {
      "translate": "advancements.cobbleverse.root"
    },
    "description": {
      "translate": "advancements.cobbleverse.root.description"
    },
    "background": "cobblemon:textures/block/water_stone_block.png",
    "frame": "goal",
    "show_toast": true,
    "announce_to_chat": true,
    "hidden": false
  },
  "criteria": {
    "shiny": {
      "trigger": "minecraft:tick",
      "conditions": {
        "player": {
          "periodic_tick": 20
        }
      }
    }
  },
  "sends_telemetry_event": false
}