{
  "parent": "morevillagers:first_village",
  "display": {
    "icon": {
      "id": "minecraft:filled_map"
    },
    "title": {
      "translate": "advancements.all_villages.title"
    },
    "description": {
      "translate": "advancements.all_villages.description"
    },
    "frame": "goal",
    "show_toast": true,
    "announce_to_chat": true,
    "hidden": false
  },
  "criteria": {
    "plains": {
      "trigger": "minecraft:disabled",
      "conditions": {
        "player": [
          {
            "condition": "minecraft:entity_properties",
            "entity": "this",
            "predicate": {
              "location": {
                "structures": "minecraft:village_plains"
              }
            }
          }
        ]
      }
    },
    "desert": {
      "trigger": "minecraft:location",
      "conditions": {
        "player": [
          {
            "condition": "minecraft:entity_properties",
            "entity": "this",
            "predicate": {
              "location": {
                "structures": "minecraft:village_desert"
              }
            }
          }
        ]
      }
    },
    "savanna": {
      "trigger": "minecraft:location",
      "conditions": {
        "player": [
          {
            "condition": "minecraft:entity_properties",
            "entity": "this",
            "predicate": {
              "location": {
                "structures": "minecraft:village_savanna"
              }
            }
          }
        ]
      }
    },
    "snowy": {
      "trigger": "minecraft:location",
      "conditions": {
        "player": [
          {
            "condition": "minecraft:entity_properties",
            "entity": "this",
            "predicate": {
              "location": {
                "structures": "minecraft:village_snowy"
              }
            }
          }
        ]
      }
    },
    "taiga": {
      "trigger": "minecraft:location",
      "conditions": {
        "player": [
          {
            "condition": "minecraft:entity_properties",
            "entity": "this",
            "predicate": {
              "location": {
                "structures": "minecraft:village_taiga"
              }
            }
          }
        ]
      }
    }
  },
  "rewards": {
    "experience": 200
  }
}