{
  "parent": "morevillagers:first_trade",
  "display": {
    "icon": {
      "id": "minecraft:compass"
    },
    "title": {
      "translate": "advancements.buy_map.title"
    },
    "description": {
      "translate": "advancements.buy_map.description"
    },
    "frame": "task",
    "show_toast": true,
    "announce_to_chat": true,
    "hidden": false
  },
  "criteria": {
    "trade": {
      "trigger": "minecraft:disabled",
      "conditions": {
        "item": {
          "items": [
            "minecraft:filled_map"
          ]
        }
      }
    }
  },
  "rewards": {
    "experience": 50
  }
}