{
  "parent": "morevillagers:first_trade",
  "display": {
    "icon": {
      "id": "minecraft:end_stone"
    },
    "title": {
      "translate": "advancements.end_trade.title"
    },
    "description": {
      "translate": "advancements.end_trade.description"
    },
    "frame": "task",
    "show_toast": true,
    "announce_to_chat": true,
    "hidden": false
  },
  "criteria": {
    "enderian": {
      "trigger": "minecraft:disabled",
      "conditions": {
        "villager": {
          "type": "minecraft:villager",
          "nbt": "{VillagerData:{profession:\"morevillagers:enderian\"}}",
          "location": {
            "dimension": "minecraft:the_end"
          }
        }
      }
    }
  },
  "rewards": {
    "experience": 100
  }
}