{
  "parent": "morevillagers:kill_villager",
  "display": {
    "icon": {
      "id": "minecraft:iron_axe"
    },
    "title": {
      "translate": "advancements.kill_babyvillager.title"
    },
    "description": {
      "translate": "advancements.kill_babyvillager.description"
    },
    "frame": "task",
    "show_toast": true,
    "announce_to_chat": true,
    "hidden": true
  },
  "criteria": {
    "killedbabyvillager": {
      "trigger": "minecraft:disabled",
      "conditions": {
        "entity": {
          "type": "minecraft:villager",
          "flags": {
            "is_baby": true
          }
        }
      }
    }
  },
  "rewards": {
    "experience": 10
  }
}