{
  "parent": "morevillagers:root",
  "display": {
    "icon": {
      "id": "minecraft:iron_sword"
    },
    "title": {
      "translate": "advancements.kill_villager.title"
    },
    "description": {
      "translate": "advancements.kill_villager.description"
    },
    "frame": "task",
    "show_toast": true,
    "announce_to_chat": true,
    "hidden": true
  },
  "criteria": {
    "killedvillager": {
      "trigger": "minecraft:disabled",
      "conditions": {
        "entity": {
          "type": "minecraft:villager"
        }
      }
    }
  },
  "rewards": {
    "experience": 5
  }
}