{
  "parent": "morevillagers:end_trade",
  "display": {
    "icon": {
      "id": "minecraft:purpur_block"
    },
    "title": {
      "translate": "advancements.map_endcity.title"
    },
    "description": {
      "translate": "advancements.map_endcity.description"
    },
    "frame": "goal",
    "show_toast": true,
    "announce_to_chat": true,
    "hidden": false
  },
  "criteria": {
    "has_map": {
      "trigger": "minecraft:disabled",
      "conditions": {
        "villager": {
          "type": "minecraft:villager",
          "nbt": "{VillagerData:{profession:\"morevillagers:enderian\"}}"
        },
        "item": {
          "items": [
            "minecraft:filled_map"
          ]
        }
      }
    },
    "end_city": {
      "trigger": "minecraft:location",
      "conditions": {
        "player": {
          "type_specific": {
            "type": "player",
            "advancements": {
              "morevillagers:map_endcity": {
                "has_map": true
              }
            }
          },
          "location": {
            "structure": "minecraft:end_city"
          }
        }
      }
    }
  },
  "rewards": {
    "experience": 200
  }
}