{
  "parent": "morevillagers:first_village",
  "display": {
    "icon": {
      "id": "minecraft:cod"
    },
    "title": {
      "translate": "advancements.tame_cat.title"
    },
    "description": {
      "translate": "advancements.tame_cat.description"
    },
    "frame": "task",
    "show_toast": true,
    "announce_to_chat": true,
    "hidden": false
  },
  "criteria": {
    "plains": {
      "trigger": "minecraft:disabled",
      "conditions": {
        "entity": {
          "type": "minecraft:cat",
          "location": {
            "structure": "minecraft:village_plains"
          }
        }
      }
    },
    "desert": {
      "trigger": "minecraft:tame_animal",
      "conditions": {
        "entity": {
          "type": "minecraft:cat",
          "location": {
            "structure": "minecraft:village_desert"
          }
        }
      }
    },
    "savanna": {
      "trigger": "minecraft:tame_animal",
      "conditions": {
        "entity": {
          "type": "minecraft:cat",
          "location": {
            "structure": "minecraft:village_savanna"
          }
        }
      }
    },
    "snowy": {
      "trigger": "minecraft:tame_animal",
      "conditions": {
        "entity": {
          "type": "minecraft:cat",
          "location": {
            "structure": "minecraft:village_snowy"
          }
        }
      }
    },
    "taiga": {
      "trigger": "minecraft:tame_animal",
      "conditions": {
        "entity": {
          "type": "minecraft:cat",
          "location": {
            "structure": "minecraft:village_taiga"
          }
        }
      }
    }
  },
  "requirements": [
    [
      "plains",
      "desert",
      "savanna",
      "snowy",
      "taiga"
    ]
  ],
  "rewards": {
    "experience": 20
  }
}