{
  "pools": [
    {
      "rolls": {
        "max": 3,
        "min": 1
      },
      "entries": [
        {
          "type": "minecraft:loot_table",
          "value": "rctmod:generic/team_rocket/ominouskey"
        }
      ]
    },
    {
      "rolls": {
        "max": 2,
        "min": 1
      },
      "entries": [
        {
          "type": "minecraft:loot_table",
          "value": "rctmod:generic/team_rocket/zmoves"
        },
        {
          "type": "minecraft:loot_table",
          "value": "rctmod:generic/team_rocket/tms"
        }
      ]
    }
  ],
  "random_sequence": "rctmod:trainers/groups/team_rocket_admin"
}