{
  "pools": [
    {
      "rolls": {
        "max": 1,
        "min": 0
      },
      "entries": [
        {
          "type": "minecraft:loot_table",
          "value": "rctmod:generic/team_rocket/fossils"
        },
        {
          "type": "minecraft:loot_table",
          "value": "rctmod:generic/team_rocket/potions"
        }
      ]
    },
    {
      "rolls": {
        "max": 1,
        "min": 1
      },
      "entries": [
        {
          "type": "minecraft:loot_table",
          "value": "rctmod:generic/team_rocket/tumblestones"
        }
      ]
    }
  ],
  "random_sequence": "rctmod:trainers/groups/team_rocket_scientist"
}