{
  "pools": [
    {
      "rolls": {
        "min": 1,
        "max": 1
      },
      "entries": [
        {
          "type": "minecraft:loot_table",
          "value": "rctmod:generic/badges/johto_alfredo_badge"
        }
      ]
    },
    {
      "rolls": {
        "min": 1,
        "max": 1
      },
      "entries": [
        {
          "type": "minecraft:loot_table",
          "value": "rctmod:generic/tms/johto_alfredo_tms"
        }
      ]
    }
  ],
  "random_sequence": "rctmod:trainers/single/johto_alfredo"
}