{
  "pools": [
    {
      "rolls": {
        "min": 1,
        "max": 1
      },
      "entries": [
        {
          "type": "minecraft:item",
          "name": "tmcraft:tm_toxic"
        },
        {
          "type": "minecraft:item",
          "name": "tmcraft:tm_poisonjab"
        },
        {
          "type": "minecraft:item",
          "name": "tmcraft:tm_poisonfang"
        },
        {
          "type": "minecraft:item",
          "name": "tmcraft:tm_poisongas"
        }
      ]
    }
  ],
  "random_sequence": "rctmod:generic/tms/kanto_koga_tms"
}