{
  "pools": [
    {
      "rolls": {
        "min": 1,
        "max": 1
      },
      "entries": [
        {
          "type": "minecraft:item",
          "name": "tmcraft:tm_bide"
        },
        {
          "type": "minecraft:item",
          "name": "tmcraft:tm_rocktomb"
        },
        {
          "type": "minecraft:item",
          "name": "tmcraft:tm_rockslide"
        },
        {
          "type": "minecraft:item",
          "name": "tmcraft:tm_headbutt"
        }
      ]
    }
  ],
  "random_sequence": "rctmod:generic/tms/kanto_brock_tms"
}