{
  "pools": [
    {
      "rolls": {
        "min": 1,
        "max": 1
      },
      "entries": [
        {
          "type": "minecraft:item",
          "name": "tmcraft:tm_fissure"
        },
        {
          "type": "minecraft:item",
          "name": "tmcraft:tm_earthquake"
        },
        {
          "type": "minecraft:item",
          "name": "tmcraft:tm_fireblast"
        },
        {
          "type": "minecraft:item",
          "name": "tmcraft:tm_fireblast"
        }
      ]
    }
  ],
  "random_sequence": "rctmod:generic/tms/kanto_giovanni_tms"
}