{
  "parent": "rctmod:trainers/defeat_johto_league_karen",
  "display": {
    "title": {
      "translate": "advancements.cobbleverse.defeat_johto_champion_lance"
    },
    "description": {
      "translate": "advancements.cobbleverse.defeat_johto_champion_lance.description"
    },
    "icon": {
      "id": "cobblemon-progress-items:orange_league_trophy"
    },
    "announce_to_chat": true,
    "show_toast": true,
    "hidden": false,
    "frame": "goal"
  },
  "criteria": {
    "first_defeat": {
      "conditions": {
        "trainer_ids": ["johto_champion_lance"]
      },
      "trigger": "rctmod:defeat_count"
    }
  },
  "requirements": [
    [
      "first_defeat"
    ]
  ],
  "rewards": {
    "function": "cobbleverse:lance_champion_defeated"
  },
  "sends_telemetry_event": false
}