{
  "parent": "rctmod:trainers/defeat_kanto_league_lance",
  "display": {
    "title": {
      "translate": "advancements.cobbleverse.defeat_kanto_champion_blue"
    },
    "description": {
      "translate": "advancements.cobbleverse.defeat_kanto_champion_blue.description"
    },
    "icon": {
      "id": "pokeblocks:poke_coin"
    },
    "announce_to_chat": true,
    "show_toast": true,
    "hidden": false,
    "frame": "challenge"
  },
  "criteria": {
    "first_defeat": {
      "conditions": {
        "trainer_ids": ["kanto_champion_blue"]
      },
      "trigger": "rctmod:defeat_count"
    }
  },
  "requirements": [
    [
      "first_defeat"
    ]
  ],
  "rewards": {
    "function": "cobbleverse:blue_defeated"
  },
  "sends_telemetry_event": false
}