{
  "parent": "rctmod:trainers/defeat_johto_league_bruno",
  "display": {
    "title": {
      "translate": "advancements.cobbleverse.defeat_johto_league_karen"
    },
    "description": {
      "translate": "advancements.cobbleverse.defeat_johto_league_karen.description"
    },
    "icon": {
      "id": "cobblemon:razor_claw"
    },
    "announce_to_chat": true,
    "show_toast": true,
    "hidden": false,
    "frame": "goal"
  },
  "criteria": {
    "first_defeat": {
      "conditions": {
        "trainer_ids": ["johto_league_karen"]
      },
      "trigger": "rctmod:defeat_count"
    }
  },
  "requirements": [
    [
      "first_defeat"
    ]
  ],
  "rewards": {
    "function": "cobbleverse:karen_defeated"
  },
  "sends_telemetry_event": false
}