{
  "parent": "rctmod:trainers/defeat_johto_angelo",
  "display": {
    "title": {
      "translate": "advancements.cobbleverse.defeat_johto_furio"
    },
    "description": {
      "translate": "advancements.cobbleverse.defeat_johto_furio.description"
    },
    "icon": {
      "id": "cobblemon-progress-items:storm_badge"
    },
    "announce_to_chat": true,
    "show_toast": true,
    "hidden": false,
    "frame": "goal"
  },
  "criteria": {
    "first_defeat": {
      "conditions": {
        "trainer_ids": ["johto_furio"]
      },
      "trigger": "rctmod:defeat_count"
    }
  },
  "requirements": [
    [
      "first_defeat"
    ]
  ],
  "rewards": {
    "function": "cobbleverse:furio_defeated"
  },
  "sends_telemetry_event": false
}