{
  "parent": "rctmod:trainers/defeat_kanto_brock",
  "display": {
    "title": {
      "translate": "advancements.cobbleverse.defeat_kanto_misty"
    },
    "description": {
      "translate": "advancements.cobbleverse.defeat_kanto_misty.description"
    },
    "icon": {
      "id": "cobblemon-progress-items:cascade_badge"
    },
    "announce_to_chat": true,
    "show_toast": true,
    "hidden": false,
    "frame": "goal"
  },
  "criteria": {
    "first_defeat": {
      "conditions": {
        "trainer_ids": ["kanto_misty"]
      },
      "trigger": "rctmod:defeat_count"
    }
  },
  "requirements": [
    [
      "first_defeat"
    ]
  ],
  "rewards": {
    "function": "cobbleverse:misty_defeated"
  },
  "sends_telemetry_event": false
}