{
  "parent": "rctmod:trainers/defeat_kanto_league_lorelei",
  "display": {
    "title": {
      "translate": "advancements.cobbleverse.defeat_kanto_league_bruno"
    },
    "description": {
      "translate": "advancements.cobbleverse.defeat_kanto_league_bruno.description"
    },
    "icon": {
      "id": "cobblemon:punching_glove"
    },
    "announce_to_chat": true,
    "show_toast": true,
    "hidden": false,
    "frame": "goal"
  },
  "criteria": {
    "first_defeat": {
      "conditions": {
        "trainer_ids": ["kanto_league_bruno"]
      },
      "trigger": "rctmod:defeat_count"
    }
  },
  "requirements": [
    [
      "first_defeat"
    ]
  ],
  "rewards": {
    "function": "cobbleverse:bruno_defeated"
  },
  "sends_telemetry_event": false
}