{
  "parent": "rctmod:trainers/defeat_kanto_blaine",
  "display": {
    "title": {
      "translate": "advancements.cobbleverse.defeat_kanto_giovanni"
    },
    "description": {
      "translate": "advancements.cobbleverse.defeat_kanto_giovanni.description"
    },
    "icon": {
      "id": "cobblemon-progress-items:earth_badge"
    },
    "announce_to_chat": true,
    "show_toast": true,
    "hidden": false,
    "frame": "goal"
  },
  "criteria": {
    "first_defeat": {
      "conditions": {
        "trainer_ids": ["kanto_giovanni"]
      },
      "trigger": "rctmod:defeat_count"
    }
  },
  "requirements": [
    [
      "first_defeat"
    ]
  ],
  "rewards": {
    "function": "cobbleverse:giovanni_defeated"
  },
  "sends_telemetry_event": false
}