{
  "parent": "rctmod:trainers/defeat_kanto_league_agatha",
  "display": {
    "title": {
      "translate": "advancements.cobbleverse.defeat_kanto_league_lance"
    },
    "description": {
      "translate": "advancements.cobbleverse.defeat_kanto_league_lance.description"
    },
    "icon": {
      "id": "cobblemon:dragon_scale"
    },
    "announce_to_chat": true,
    "show_toast": true,
    "hidden": false,
    "frame": "goal"
  },
  "criteria": {
    "first_defeat": {
      "conditions": {
        "trainer_ids": ["kanto_league_lance"]
      },
      "trigger": "rctmod:defeat_count"
    }
  },
  "requirements": [
    [
      "first_defeat"
    ]
  ],
  "rewards": {
    "function": "cobbleverse:lance_defeated"
  },
  "sends_telemetry_event": false
}