{
  "type": "minecraft:jigsaw",
  "biomes": "#minecraft:has_structure/bastion_remnant",
  "max_distance_from_center": 80,
  "size": 6,
  "spawn_overrides": {
    "ambient": {
      "bounding_box": "full",
      "spawns": []
    },
    "axolotls": {
      "bounding_box": "full",
      "spawns": []
    },
    "creature": {
      "bounding_box": "full",
      "spawns": []
    },
    "misc": {
      "bounding_box": "full",
      "spawns": []
    },
    "monster": {
      "bounding_box": "full",
      "spawns": []
    },
    "underground_water_creature": {
      "bounding_box": "full",
      "spawns": []
    },
    "water_ambient": {
      "bounding_box": "full",
      "spawns": []
    },
    "water_creature": {
      "bounding_box": "full",
      "spawns": []
    }
  },
  "start_height": {
    "absolute": 33
  },
  "start_pool": "minecraft:bastion/starts",
  "step": "surface_structures",
  "use_expansion_hack": false
}