{
  "type": "minecraft:nether_fossil",
  "biomes": "#minecraft:has_structure/nether_fossil",
  "height": {
    "type": "minecraft:uniform",
    "max_inclusive": {
      "below_top": 2
    },
    "min_inclusive": {
      "absolute": 32
    }
  },
  "spawn_overrides": {
    "ambient": {
      "bounding_box": "full",
      "spawns": []
    },
    "axolotls": {
      "bounding_box": "full",
      "spawns": []
    },
    "creature": {
      "bounding_box": "full",
      "spawns": []
    },
    "misc": {
      "bounding_box": "full",
      "spawns": []
    },
    "monster": {
      "bounding_box": "full",
      "spawns": []
    },
    "underground_water_creature": {
      "bounding_box": "full",
      "spawns": []
    },
    "water_ambient": {
      "bounding_box": "full",
      "spawns": []
    },
    "water_creature": {
      "bounding_box": "full",
      "spawns": []
    }
  },
  "step": "underground_decoration",
  "terrain_adaptation": "beard_thin"
}