{
  "type": "minecraft:ocean_ruin",
  "biome_temp": "warm",
  "biomes": "#minecraft:has_structure/ocean_ruin_warm",
  "cluster_probability": 0.9,
  "large_probability": 0.3,
  "spawn_overrides": {
    "ambient": {
      "bounding_box": "full",
      "spawns": []
    },
    "axolotls": {
      "bounding_box": "full",
      "spawns": []
    },
    "creature": {
      "bounding_box": "full",
      "spawns": []
    },
    "misc": {
      "bounding_box": "full",
      "spawns": []
    },
    "monster": {
      "bounding_box": "full",
      "spawns": []
    },
    "underground_water_creature": {
      "bounding_box": "full",
      "spawns": []
    },
    "water_ambient": {
      "bounding_box": "full",
      "spawns": []
    },
    "water_creature": {
      "bounding_box": "full",
      "spawns": []
    }
  },
  "step": "surface_structures"
}