{
  "type": "minecraft:ruined_portal",
  "biomes": "#minecraft:has_structure/ruined_portal_swamp",
  "setups": [
    {
      "air_pocket_probability": 0.0,
      "can_be_cold": false,
      "mossiness": 0.5,
      "overgrown": false,
      "placement": "on_ocean_floor",
      "replace_with_blackstone": false,
      "vines": true,
      "weight": 1.0
    }
  ],
  "spawn_overrides": {
    "ambient": {
      "bounding_box": "full",
      "spawns": []
    },
    "axolotls": {
      "bounding_box": "full",
      "spawns": []
    },
    "creature": {
      "bounding_box": "full",
      "spawns": []
    },
    "misc": {
      "bounding_box": "full",
      "spawns": []
    },
    "monster": {
      "bounding_box": "full",
      "spawns": []
    },
    "underground_water_creature": {
      "bounding_box": "full",
      "spawns": []
    },
    "water_ambient": {
      "bounding_box": "full",
      "spawns": []
    },
    "water_creature": {
      "bounding_box": "full",
      "spawns": []
    }
  },
  "step": "surface_structures"
}