{
  "type": "minecraft:jigsaw",
  "biomes": "#minecraft:has_structure/trail_ruins",
  "max_distance_from_center": 80,
  "project_start_to_heightmap": "WORLD_SURFACE_WG",
  "size": 7,
  "spawn_overrides": {
    "ambient": {
      "bounding_box": "full",
      "spawns": []
    },
    "axolotls": {
      "bounding_box": "full",
      "spawns": []
    },
    "creature": {
      "bounding_box": "full",
      "spawns": []
    },
    "misc": {
      "bounding_box": "full",
      "spawns": []
    },
    "monster": {
      "bounding_box": "full",
      "spawns": []
    },
    "underground_water_creature": {
      "bounding_box": "full",
      "spawns": []
    },
    "water_ambient": {
      "bounding_box": "full",
      "spawns": []
    },
    "water_creature": {
      "bounding_box": "full",
      "spawns": []
    }
  },
  "start_height": {
    "absolute": -15
  },
  "start_pool": "minecraft:trail_ruins/tower",
  "step": "underground_structures",
  "terrain_adaptation": "bury",
  "use_expansion_hack": false
}