{
  "display": {
    "icon": {
      "id": "mega_showdown:mega_stone_crystal",
      "count": 1
    },
    "title": {
      "translate": "advancement.mega_showdown.root.title",
      "fallback": "Showdown Time"
    },
    "description": {
      "translate": "advancement.mega_showdown.root.description",
      "fallback": "World of Showdown"
    },
    "background": "mega_showdown:textures/block/mega_evo_block.png",
    "frame": "task",
    "show_toast": false,
    "announce_to_chat": false,
    "hidden": false
  },
  "criteria": {
    "root": {
      "trigger": "cobblemon:pick_starter"
    }
  }
}