{
  "name": "Pelipper",
  "offsets": {
    "DEFAULT": {
      "x": 0,
      "y": -0.4,
      "z": -0.4
    },
    "WALKING": {
      "x": 0,
      "y": 0,
      "z": -0.2
    },
    "FLOATING": {
      "x": 0,
      "y": 0.1,
      "z": 0
    },
    "SWIMMING": {
      "x": 0,
      "y": 0.1,
      "z": 0.2
    },
    "SUSPENDED": {
      "x": 0,
      "y": 0.1,
      "z": 0
    },
    "DIVING": {
      "x": 0,
      "y": 0.1,
      "z": 0.2
    },
    "HOVERING": {
      "x": 0,
      "y": -0.1,
      "z": 0
    },
    "FLYING": {
      "x": 0,
      "y": -0.1,
      "z": 0.2
    }
  },
  "baseSpeedModifier": 1.0,
  "landSpeedModifier": 0.125,
  "waterSpeedModifier": 0.25,
  "airSpeedModifier": 1.0,
  "forms": []
}